序號,綱,目,科,屬,中名,性狀簡述,棲地,分布簡述
1,兩生綱,有尾目,山椒魚科,小鯢屬,阿里山山椒魚,身體全長約8到11公分，體背呈暗褐色，部分個體還雜有淡色的細小斑點。剛變態完成的個體體色為黑褐色。成體身體兩側之肋間溝相當明顯，尾部呈棍棒狀，且其尖端經常可發現缺刻或再生現象。阿里山山椒魚的後肢為五趾。,"阿里山山椒魚主要分布在中央山脈南段  楚南及臺灣中央山脈北段棲息在原始森林及溪谷兩旁陰暗潮溼處，白天會棲息在扁平的岩石下或腐木底下休息。","主要分布在中央山脈南段，海拔2,200到3,650公尺間之山區。"
2,兩生綱,有尾目,山椒魚科,小鯢屬,台灣山椒魚,身體全長約8到9公分，體背呈暗褐色，部分個體還雜有黃色的斑點或網狀花紋。台灣山椒魚的後肢為四趾。台灣山椒魚的卵被透明的卵囊所包覆，每次產下兩條卵囊，卵囊及卵粒外圍遇水則膨大成透明無色的膠狀物質。,棲息在原始森林及溪谷兩旁陰暗潮溼處，白天會棲息在扁平的岩石下或腐木底下休息。,"主要分布在中央山脈北段，海拔2,200到3,000公尺間之山區。"
3,兩生綱,有尾目,山椒魚科,小鯢屬,觀霧山椒魚,吻肛長約5.3cm，尾長約3cm，體背呈黑褐色，部分個體還雜有白色的細小斑點。觀霧山椒魚的四肢短小，前後肢均為四指(趾)。其頭部寬度較窄，尾長占吻肛長的比例為台灣的山椒魚中最小者。其學名fuca乃來自拉丁文fucus，為深黑色之意。,棲息在多霧的原始森林及溪谷兩旁陰暗潮溼處，白天會在石下或腐木下休息。其族群數量及分布點均很少。,"分布於海拔1,260到2,200到之雪山山脈中南部地區。"
4,兩生綱,有尾目,山椒魚科,小鯢屬,南湖山椒魚,吻肛長約6cm，體背呈現黃色與褐色相嵌的斑紋，其外型與楚南氏山椒魚類似，但南湖山椒魚頭部寬度較窄，前肢也較短，但其體長為台灣的山椒魚中最大者。南湖山椒魚的前肢為四指，後肢為五趾。其學名glacialis乃來自拉丁文，為冰河之意。,棲息於高山凍土地區，白天會在溪流旁的石塊下休息。其族群數量及分布點均十分稀少。,"分布在海拔3,300到3,600公尺之南湖大山的冰河圈谷附近。"
5,兩生綱,有尾目,山椒魚科,小鯢屬,楚南氏山椒魚,身體全長約9至12公分。體表具有乳白色或淡黃色之塊狀花紋，且散佈在暗褐色的體色間。楚南氏山椒魚的後肢為五趾，屬於有尾巴的兩棲類，能靠四肢匍伏前進，但不能做跳躍的動作。受精卵呈白色。,平常活動於針葉林或箭竹林的落葉底層，或是在溪澗底下的石縫間移動。,"主要分布在中央山脈北段，海拔2,500到3,200公尺間之山區。"
6,兩生綱,有尾目,蠑螈科,歐螈屬,斑紋蠑螈,"棲息於海拔400公尺以下的低地,從初春起進入池沼或小型湖泊等地展開水生生活,直至夏季結束.3~5月為繁殖期, 雄性的背部至尾部間會長出背鰭, 雌體在水草上產下200~300顆卵,蝌蚪約3個月後可變態成為幼體.",,"原分布於法國西南部至伊比利半島間, 水族業者引入當寵物販售,尚未在 野外發現其族群."
7,兩生綱,有尾目,鈍口螈科,鈍口螈屬,墨西哥虎螈,"全長約18~25公分, 在自然界中的生活史不明, 人工飼育下可以紅蟲或蚯蚓為食.",,"原產於墨西哥, 水族業者引入當寵物販售,尚未在 野外發現其族群."
8,兩生綱,無尾目,叉舌蛙科,虎紋蛙屬,虎皮蛙,虎皮蛙體型巨大，雌蛙最大可達14公分。體背具縱行的條狀隆起，其上有黑點；鼓膜大，頭側及體側有深色不規則斑紋；身體腹面白色但雜有黑褐色斑點。,虎皮蛙常棲息在水田、水潭、果園、溝渠或農耕地區。其後肢趾間的蹼膜明顯，可在水中迅速游動，但動作卻相當敏捷。,分布在本島海拔800公尺以下，但主要在海拔500公尺以下的農耕地。
9,兩生綱,無尾目,叉舌蛙科,陸蛙屬,海蛙,海蛙體長約5至9公分，外型近似澤蛙，但體型比澤蛙大。其特徵為頭頂靠近兩眼中間有一個小白點，且後肢趾間近全蹼。,其棲息環境包括積水的檳榔園、蓮霧園、稻田、排水溝、沼澤濕地等潮濕的環境。,發現於南台灣的海邊地區。
10,兩生綱,無尾目,叉舌蛙科,陸蛙屬,澤蛙,澤蛙屬中小型蛙類，體長約只有5公分，外表顏色多變，可為綠色、褐色，或灰黑色。體背部具有斷斷續續縱行的隆起，其間雜有許多黑色花紋，而左右眼間具有V字形的花紋。部分的個體有粗細不等的背中線，牠們的外型與虎皮蛙類似，只是虎皮蛙體型較大，後肢蹼也較為發達。,澤蛙經常出現的山區或水田間。由於分佈很廣，不管任何棲地都有出現的可能。配對後的產卵地點大部分在水田中，卵塊呈片狀地漂浮在水面上，且黏著於植物體的莖部。,"分布在本島海拔1,200公尺以下。"
11,兩生綱,無尾目,彩蛙科,曼蛙屬,馬達加斯加彩蛙,"體長約2~3公分, 白天常可見到雄蛙在河堤草地或溪流的岩石下方鳴叫. 每次約產30顆卵, 約3個月可發育為成體.",,"原分布於馬達加斯加島東部一帶, 水族業者引入當寵物販售,尚未在 野外發現其族群."
12,兩生綱,無尾目,彩蛙科,曼蛙屬,金蛙,"棲息地氣候溫和潮濕,日行性，以土壤中的小型生物及昆蟲為食，本種是以體內授精的方式進行交配, 每次約產20~60顆卵, 幼蛙約一年可達性成熟, 體型可長至2~3公分.",,"原分布於馬達加斯加島東部一帶, 水族業者引入當寵物販售,尚未在 野外發現其族群."
13,兩生綱,無尾目,彩蛙科,曼蛙屬,綠彩蛙,"體長約2~3公分, 多生活於森林中乾枯沼地的小水塘中. 雄性間常會互咬.",,"原分布於馬達加斯加島, 水族業者引入當寵物販售,尚未在 野外發現其族群."
14,兩生綱,無尾目,樹蛙科,原指樹蛙屬,面天樹蛙,面天樹蛙雄蛙體長約3公分，雌蛙約4公分，體背呈暗褐色，且體表散佈著許多顆粒狀的小突起，其前肢腹面近腋下左右各有一黑斑，藉此斑點可以與艾氏樹蛙在外型上區分開來。,繁殖季時，雄蛙常聚集在溪溝或水池旁的芒草叢中活動、鳴叫；而非繁殖季時，則會躲進植株葉柄積水處休息。雌雄蛙完成配對後，雌蛙便背著雄蛙，選擇鬆軟的地面挖掘成一凹巢，然後在巢中產卵；產完卵後，雌蛙會利用附近的泥土碎屑等，將巢穴掩蓋，直到一場大雨才會再度將卵沖入水中發育、孵化。,"分布在本島海拔1,200公尺以下之山區。"
15,兩生綱,無尾目,樹蛙科,原指樹蛙屬,艾氏樹蛙,艾氏樹蛙屬小型蛙類，體長3-5公分，與面天樹蛙外型很相似，體背均有X型的深色斑紋且散佈著許多小型顆粒，其後腳關節處也有凸起的白色小點，但艾氏樹蛙體色會變綠，俯視其吻端較鈍，體型也較大。,繁殖季時，任何積水的小容器都有可能成為雄蛙佔據的棲所，目前以樹洞、竹筒最常被牠們利用。艾氏樹蛙原始卵產棲所是在樹洞中，但在本島中部地區有很多類似樹洞的竹筒棲地，艾氏樹蛙便利用此環境來進行其生殖的行為。,"分布在本島海拔2,500公尺以下。"
16,兩生綱,無尾目,樹蛙科,樹蛙屬,橙腹樹蛙,體型中等，吻肛長約5公分，體背為綠色，部分個體有黃白色斑點，腹面及蹼膜為橙紅色。具單一鳴囊，鳴叫的音質與翡翠樹蛙非常接近，但音量卻很小。,生活在較原始的森林，棲息時喜居高臨下，不容易發現。目前所發現的地點都是在原始密林的深處，例如在台北烏來、台中烏石坑、宜蘭褔山、高雄六龜、墾丁南仁山及台東知本等處，數量十分稀少。,"僅零星分布在本島海拔約500到1,000公尺的山區。"
17,兩生綱,無尾目,樹蛙科,樹蛙屬,台北樹蛙,屬中小型之綠色樹蛙，體背為綠色，腹面、四肢蹼膜及眼部虹彩為黃色，部分個體腹側及鼠蹊部有淡藍色斑塊，但絕無黑色斑點，藉此可以和型態與牠類似的莫氏樹蛙區別。,一般在廢棄的農耕地或闊葉林底層中出現。生殖季時首先由雄蛙在泥地中築起巢穴，然後在土洞中鳴叫以吸引雌蛙前來配對。,"主要分布在海拔1,000公尺以下之山區。目前大都分布在濁水溪以北。"
18,兩生綱,無尾目,樹蛙科,樹蛙屬,翡翠樹蛙,此蛙體背翠綠，腹部呈現白色。眼球的虹彩則幾近金黃色。由鼻尖經眼眶到鼓膜上方的金黃色皮褶，為此蛙與其他種綠色樹蛙最主要的辨別特徵。具有單鳴囊，喜歡在灌叢上鳴叫。,棲息於低海拔的果園或闊葉林中。繁殖季時成體蛙喜歡躲在底部有積水的植物體上鳴叫。,目前僅在台北、桃園及宜蘭等處，海拔800公尺以下的山區。
19,兩生綱,無尾目,樹蛙科,樹蛙屬,諸羅樹蛙,諸羅樹蛙屬中型蛙類，體長4-6公分。諸羅樹蛙的體背為綠色，腹面為白色，由吻端至四肢全緣均鑲上白邊。雄蛙具單一鳴囊，叫聲極為清徹響亮。,諸羅樹蛙棲息的地點都與人類農耕有關，如荔枝園、芒果園、甘蔗園、鳳梨園、麻竹林、番石榴園、香蕉園、柑桔園、檳榔園及水田等。成蛙配對後其產卵的地點都是在農耕地的積水處，尤其是有草本植物或落葉覆蓋的遮蔽處產卵。,"目前本島分布的地點僅侷限在雲林、嘉義、臺南等縣市，主要分布在海拔1,000公尺以下之農耕地。"
20,兩生綱,無尾目,樹蛙科,樹蛙屬,莫氏樹蛙,莫氏樹蛙屬中型蛙類，體長4-5公分，體背墨綠色，腹面為白色。牠與其他綠色樹蛙辨識上的最主要特徵為：其鼠蹊部及大腿內側為鮮紅色，且散佈著大大小小的黑斑，其次眼球的虹彩及蹼膜亦為鮮紅色。雄蛙具有單鳴囊，經常躲在土洞或姑婆芋葉面上鳴叫。,莫氏樹蛙常出現於水池或人工蓄水池附近，尤其是池邊有水草或是姑婆芋的環境。雌雄蛙配對後會鑽入土洞或落葉層中配對產卵，然後將受精卵包藏在泡沫狀的白色膠狀物中。,"分布在本島海拔2,500公尺以下之山區。"
21,兩生綱,無尾目,樹蛙科,泛樹蛙屬,布氏樹蛙,"原本廣泛分布於臺灣本島的白頷樹蛙（Polypedates megacephalus），於2010年已由Matsui 等人以分子生物的研究，以及重新標本檢視與分析聲紋等方式，將牠更名為布氏樹蛙（Polypedates braueri）。布氏樹蛙屬大型蛙類，雄蛙約5公分，雌蛙約7公分，體色呈黃褐色，背上有三到四條深色縱帶，但也有少部分個體沒有縱帶，眼鼻間到鼓膜上方有一皮褶，皮褶下有一條黑線。另外大腿內、外兩側具有網格狀的黑色花紋，是布氏樹蛙的重要辨識特徵。",經常棲息在溪邊的樹上或是山區積水處的芒草叢上配對、產卵。產卵的地點在水池內壁上方或是枝葉上。,"分布在本島海拔1,100公尺以下，但主要在海拔500公尺以下之山區。"
22,兩生綱,無尾目,樹蛙科,溪樹蛙屬,褐樹蛙,褐樹蛙屬大型蛙類，雄蛙體長4-5公分，雌蛙為7-8公分，雌雄體型差異大。指(趾)尖吸盤很大。眼睛虹彩為黃色，但在瞳孔兩側的虹彩則各有一塊褐色斑塊；兩眼間則有一塊倒三角的斑紋，腹部呈現白色。,褐樹蛙選擇的棲地多變，繁殖季時則下降到溪流配對產卵，每年十月份左右，可看到小蛙重返溪流旁的樹叢中活動；到了十二月份，環境乾燥，牠們則躲入姑婆芋或山蕉葉柄基部的積水處休息。繁殖季時，褐樹蛙會在石塊上鳴叫求偶，待取得配對權後，則直接在石頭下方產卵。,"分布在本島海拔1,300公尺以下，但主要在海拔1,000公尺以下出現。"
23,兩生綱,無尾目,樹蛙科,溪樹蛙屬,日本樹蛙,日本樹蛙屬小型蛙類，體長約只有3.5公分，體色多變，呈現鉛灰色、褐色或藍灰色。背部中央肩胛處有一對倒八字型的短棒狀突起，為該種蛙類辨識的主要特徵。,日本樹蛙雖為樹蛙科的一員，但極少爬樹，大部分的時間，是在溪流及水溝附近活動。繁殖季時，牠們會集體出現在山區路旁，通常只要有一些淺水域，牠們便可配對產卵。,"分布在本島海拔1,500公尺以下，但主要族群在海拔1,000公尺以下出現。"
24,兩生綱,無尾目,樹蟾科,雨蛙屬,中國樹蟾,中國樹蟾屬小型蛙類，體長雄蛙2.5-3公分，雌蛙約4公分，從吻端到前臂上方的黑眼罩是外型辨識上的重要特徵。體色翠綠，鼓膜明顯，從體側到大腿內側為黃色，並散佈著黑色斑點。四趾具吸盤，善於爬樹。雄樹蟾具單鳴囊，通常在雨後集體鳴叫。,繁殖季時活動於竹林、樹幹及其鄰近的水池邊，白天則停息在樹叢的枝枒葉片間，不易發現。喜歡在下雨時集體鳴叫，並選擇水域中的水草底下或石頭邊緣為產卵。,"分布在本島海拔範圍在1,000公尺以下，但主要在海拔500公尺以下出現，在台灣北部地區較多，南部地區則較少。"
25,兩生綱,無尾目,狹口蛙科,姬蛙屬,黑蒙西氏小雨蛙,黑蒙西氏小雨蛙屬小型蛙類，體長約2.5公分，背中線的中央有一黑色的括弧，體背光滑呈現黃褐色，而身體兩側有一明顯黑帶，由吻端延伸到鼠蹊部。繁殖季時，雄蛙的喉部會變黑，具有單一鳴囊。,黑蒙西氏小雨蛙棲息的環境為闊葉林底層的落葉堆或水邊的草叢中，繁殖季時會移入水池、水溝或陸邊積水的泥地中活動。,"分布在本島海拔1,500公尺以下，但主要在海拔1,000公尺以下。"
26,兩生綱,無尾目,狹口蛙科,姬蛙屬,小雨蛙,小雨蛙屬小型蛙類，體長約2.5公分，體背具有對稱的深棕色花紋，自兩眼間斜行到大腿基部，部分個體具有背中線。此外，由吻端沿體側到鼠蹊部有黑色縱帶，是輔助辨識的特徵之一。,小雨蛙白天會躲在石頭或泥土縫隙中，到了晚上則在草地上活動，或者是躲在落葉層中鳴叫，待其取得配對權後，才會移入水池或水田中產卵。,"分布在本島海拔1,300公尺以下，但主要在海拔500公尺以下之山區。"
27,兩生綱,無尾目,狹口蛙科,姬蛙屬,巴氏小雨蛙,巴氏小雨蛙體長約2公分，體背散著許多顆粒狀的突起。大部份狹口蛙前、後肢指(趾)間均無蹼，但巴氏小雨蛙的後肢間則略具有蹼，藉此可以與分布在台灣的其他三種狹口蛙來區別。單一白色鳴囊，鳴聲類似鴨子在叫。,發現於果樹底下的落葉堆，及人工花圃的土坡及水溝、水池間。生殖時則移棲至水池或水溝中配對產卵。,主要分布在海拔700公尺以下之山區。
28,兩生綱,無尾目,狹口蛙科,小姬蛙屬,史丹吉氏小雨蛙,史丹吉氏小雨蛙屬小型蛙類，體長約2.5公分，沒有背中線，體背色調為褐色、淺黃色或淺灰色；從側面看，自吻端經臉頰沿著腹側有斑駁的黑色縱紋。另外部分地區個體具有乳黃色或橘色的上臂，也是提供辨視的依據。雄蛙為單一鳴囊，下頷於繁殖季節會變黑，叫聲為急促振動的長鳴，通常會在水溝或草澤中集合鳴叫。,史丹吉氏小雨蛙繁殖季時會在水池、水溝中出現，其出現與下雨與否有明顯的相關。雌雄配對後會在水池，水溝或竹林的積水處配對產卵。卵粒聚集成整片，飄浮在水面上。,分布在本島中部、南部與東南部，海拔範圍在800公尺以下，但主要在海拔250公尺以下。
29,兩生綱,無尾目,盤舌蟾科,鈴蟾屬,朝鮮鈴蛙,"體長約4~5公分, 棲息於山地或平地靠近河川或沼地的水域. 繁殖季在春天.",,"原分布於中國東北部, 俄羅斯, 朝鮮半島, 濟州島一帶, 水族業者引入當寵物販售,尚未在 野外發現其族群."
30,兩生綱,無尾目,細趾蟾科,角花蟾屬,蘇利南角蛙,"地棲型, 在野外會吃食小魚, 昆蟲, 蝌蚪, 小型兩棲爬蟲類, 甚至自己的同類. 可漲至7~15公分, 一次產卵可達500顆.",,"原分布於哥倫比亞, 巴西亞馬遜河流域, 委內瑞拉南部, 厄瓜多爾, 圭亞那一帶, 水族業者引入當寵物販售,尚未在 野外發現其族群."
31,兩生綱,無尾目,細趾蟾科,角花蟾屬,南美角蛙,"會整天蹲在同一地方，極少移動。食量相當大，可吃下身體一半的食物，包括小魚, 昆蟲, 老鼠, 甚至是同類。約可長至12~17公分左右.",,"原分布於南美洲中北部, 阿根廷, 巴西和烏拉圭一帶, 水族業者引入當寵物販售,尚未在 野外發現其族群."
32,兩生綱,無尾目,蟾蜍科,蟾蜍屬,盤古蟾蜍,盤古蟾蜍屬大型蛙類，體長6-11公分。眼後具有腮線，體表滿布著腺性的瘤狀突起，身體的顏色變化多端，可為紅褐色、褐色、灰色或黑色。繁殖季時會選擇溪流中的淺水平瀨區產卵。,盤古蟾蜍可在乾燥的道路或林道中活動，有時也會在山區的路燈下捕食昆蟲。,"分布在本島海拔3,000公尺以下。"
33,兩生綱,無尾目,蟾蜍科,蟾蜍屬,海蟾蜍,體長10~24公分，氏世界上體型最大的蟾蜍，以昆蟲及其他蛙類為食，曾被多國引入消滅甘蔗害蟲，產卵數可達17000粒，全年皆可繁殖，在澳洲等地已快速繁殖擴散造成危害。,,原分布於中美洲和南美洲，1935年日人高野秀三曾自夏威夷引入個體進行繁殖，以作為甘蔗園害蟲防治之用。目前在野外尚未發現其蹤跡。
34,兩生綱,無尾目,赤蛙科,側褶蛙屬,金線蛙,金線蛙屬於大型蛙類，雌蛙吻肛長最大可達10公分，雄蛙為8.5公分，背部具有金黃色與綠色相間之縱紋，此特徵為金線蛙名稱之由來。該種蛙鼓膜大而明顯，極易辨視。,目前已知棲息的環境為水田，如茭白筍田、菱角田、空心菜園等，其他如水池、灌溉溝渠也有發現的記錄。卵產於池邊之水草中，卵透明且糾纏於水邊的植物體上。,分布範圍在海拔600公尺以下。
35,兩生綱,無尾目,赤蛙科,大頭蛙屬,福建大頭蛙,在臺灣早期稱為古氏赤蛙，後經學者研究後正式更名為福建大頭蛙。福建大頭蛙雄蛙的體型較雌蛙大，尤其是雄蛙眼部後方肌肉更是發達。另外暗紅色的菱形瞳孔W型隆起的體背等，都是牠們外型辨識上的重要特徵。,福建大頭蛙並會躲在有落葉的水域中蟄伏不動，且將其上半身露出水面以逸待勞地坐等食物送上門來。配對後產卵的地點會選擇在溪澗的靜水處或是路旁的水溝，福建大頭蛙一但形成配對，大約在半小時左右就會產卵，且由於雄蛙體型較大，配對到產卵的距離通常十分接近。,"分布在本島海拔1,200公尺以下，但主要在海拔500公尺以下出現。"
36,兩生綱,無尾目,赤蛙科,拇棘蛙屬,腹斑蛙,腹斑蛙屬中型蛙類，體長4-6公分，具有明顯的背側褶且褶線下方還有一條黑線；上唇具有一明顯的白線，臉部具有臉罩。雄蛙具有雙鳴囊，位於下巴正下方。,大部分的腹斑蛙喜歡棲息在水塘、湖泊及草澤中，但偶爾在溪流河床兩側也會發現牠的蹤跡。腹斑蛙產卵的地點會選擇靜止的小水域，如水田、池塘或水溝等處。,"分分布在本島海拔1,200公尺以下，但主要在海拔1,000公尺以下之山區。"
37,兩生綱,無尾目,赤蛙科,拇棘蛙屬,豎琴蛙,相較於與牠長很像的腹斑蛙，豎琴蛙較為肥胖且體型略小一號，背部的顏色較淡，且中央有一條較明顯的金黃色縱線，腿部的橫紋也較細。,生活在靜水池塘、沼澤周邊的遮避物下，如草堆、枯倒木下方或是池岸的斜坡上。產卵的地點會選擇水池邊的泥土地，通常先由雄蛙挖出成約5公分深的土洞，並在其中鳴叫以吸引雌蛙到來，配對後則將卵產在土洞內。,海拔500公尺以下之山區。目前僅在南投縣的山區有發現。
38,兩生綱,無尾目,赤蛙科,水蛙屬,台北赤蛙,此蛙纖細嬌小，約只有4公分大。台北赤蛙的體背上方為綠色，鼓膜透明，腹側上下各有一條白色，由吻端到鼠蹊部縱行於黑色的腹側。,台北赤蛙喜歡棲息於乾淨的水田、池塘或茶園。產卵於秧苗的莖部或是池塘的草叢邊緣。,台北赤蛙並非台灣特有種，牠也分布在中國褔建、香港、越南及印度等地，在本島主要海拔分布在500公尺以下。
39,兩生綱,無尾目,赤蛙科,水蛙屬,拉都希氏蛙,拉都希氏赤蛙屬中型蛙類，體長約5公分。背部兩側肥厚的皮褶，及黃色的上頜唇緣為其最主要的特徵。體背為紅褐色，腹側則散佈著許多黑色的斑紋。雄蛙具有內鳴囊，叫聲如低沉的鼻音。,拉都希氏赤蛙頗能適應於人造的棲地，如人工水池、下過雨的馬路、鄉間的石子路等。但到了繁殖季時牠們會選擇在水池、水田或溪流旁的淨水處配對產卵。卵塊為長條狀，纏繞在水中植物的莖部。,"分布在本島海拔2,000公尺以下，但主要在海拔1,000公尺以下之山區。"
40,兩生綱,無尾目,赤蛙科,水蛙屬,貢德氏赤蛙,貢德氏赤蛙屬於大型蛙類，體長6-8公分，身體光滑，腹面為白色，具有明顯的背側褶(但其厚度介於拉都希氏赤蛙與梭德氏赤蛙之間)，褶線下方有黑色縱帶，鼓膜外圍有一圈白色紋路。雄蛙具有一對外鳴囊，位於下巴兩側。叫聲厚實有力，單音有如狗吠，經常成群出現在水塘中鳴叫。,貢德氏赤蛙白天躲在石洞或草叢裏，晚上則會入池，半浮半沉於水中植物間鳴叫。繁殖季時會選擇山區裏流速較緩且乾淨的排水溝，卵塊成片狀地漂浮在水面上，且與旁邊的植物體黏在一起。,分布在本島海拔800公尺以下，但主要在海拔300公尺以下之水田、水池等處。
41,兩生綱,無尾目,赤蛙科,臭蛙屬,斯文豪氏蛙,斯文豪氏赤蛙屬於大型蛙類，吻肛長最大可達9公分。雖然被歸類為赤蛙，然而為了適應急流中的環境及攀爬石壁，其指（趾）端膨大為吸盤。體背為綠色與褐色交雜的斑塊，其上唇邊緣及腹面均為白色。鼓膜透明。雄蛙具有一對雙鳴囊。,斯文豪氏赤蛙屬於標準的溪流型蛙類，喜歡躲在石縫間，或是溪流的石塊上鳴叫。雌雄配對後產卵於溪流岸邊植被較茂密的陰暗處或是石縫中，或是在滲水的洞穴底部產卵。,"分布在本島海拔2,500公尺以下之溪流。"
42,兩生綱,無尾目,赤蛙科,蛙屬,長腳赤蛙,長腳是牠最主要的特徵，如果將後腳拉直，大約是體長的2倍。此外，四肢指(趾)尖細，不具吸盤，具有黑褐色臉罩，背部有八字型黑斑，及白色的腹面均是輔助辨視的特徵。,主要棲息在較清徹的水域，如水稻田或海芋田，偶爾也會在流水的溝渠或是草澤中活動。,"海拔分布範圍在1,000公尺以下，但主要為海拔500公尺以下的農耕地。在台灣主要分布在濁水溪以北。"
43,兩生綱,無尾目,赤蛙科,蛙屬,梭德氏赤蛙,梭德氏赤蛙屬中型蛙類，雄蛙體長4-6公分，雌蛙5-6公分，雖然不是樹蛙，但其指(趾)尖則略為膨大成吸盤狀，以適應急流的環境，藉此特徵可以與跟牠長得很像的長腳赤蛙區別。,梭德氏赤蛙在非繁殖季時，主要躲在樹林底層活動，到了繁殖季(各海拔繁殖季不同)，則明顯地從樹林移到溪流中，採集體求偶的方式。,"分布在本島海拔3,300公尺以下之山區。"
44,爬蟲綱,有鱗目,壁虎科,半葉趾虎屬,半葉趾蝎虎,全長小於8公分，軀幹長與尾長相近，體細長，四肢短小，趾短且第一趾萎縮，其餘四趾明顯末端擴張，皮瓣雙列。體背以褐色為主，不規則之深色雜斑自頸部延伸至尾，尾基有一明顯深色斑，尾部顏色與身體截然不同，有如曾斷過尾後再生一般，身體腹面灰白色，尾巴腹面黃褐色。雌蜥產卵前頸部兩側之內淋巴囊會明顯腫大。,夜行性，以昆蟲及無脊椎動物為食。行孤雌生殖，一次會產2顆卵殼相連的蛋，尾巴極易自割。白天喜躲藏於林投、檳榔或香蕉等樹葉之基部。,主要分布在北回歸線以南的東部及南部，蘭嶼、綠島亦曾發現。
45,爬蟲綱,有鱗目,壁虎科,壁虎屬,菊池氏壁虎,全長可達20公分，軀幹長與尾長相近，體背顏色灰褐色，腹面灰白色，體背有兩條斷續的深色短斑自頸部順著背脊延伸至尾部，背部除較細的粒鱗外，尚有許多大型的疣鱗散布其中，尾巴環繞著許多櫛刺狀鱗片，趾端顯著擴展，具單列皮瓣，雄性個體具有連續排列的股孔及肛前孔，股孔每側有24個。,夜行性，以昆蟲及無脊椎動物為食。卵生，一次會產2顆卵殼相連的蛋，尾巴極易自割。喜於人工建築或岩洞活動。,目前僅於蘭嶼有發現紀錄。
46,爬蟲綱,有鱗目,壁虎科,壁虎屬,鉛山壁虎,身體被覆細小粒鱗並夾雜有大型疣鱗，頸部起有一深淺交錯的短斑至尾部止分布於體背中央，趾下皮瓣為1列。,夜行性為主，卵生。,普遍分布於低海拔（1000公尺以下）地區。
47,爬蟲綱,有鱗目,壁虎科,截趾虎屬,裂足虎,"裂足竭虎形態特徵 :全長不超過12公分，軀幹長約為全長之一半，體色以白色或灰色為主，深淺會隨所處環境改變，體背散有許多圓形之淺色或白色細斑，尾巴基部肥扁周緣鱗特化為鋸齒狀，指及趾下皮瓣雙列。",夜行性為主，以昆蟲及其他節肢動物為食，一次隻會產兩顆相連的蛋；尾巴極易自割。,台灣以往僅在紅葉溫泉、陽明山、花蓮市等地有過記錄；近年則少有發現。
48,爬蟲綱,有鱗目,壁虎科,擬蜥屬,豹紋擬蜥,原分布於印度北部至西亞地區，棲息於沙漠或是乾燥的草原區，白天常躲藏於大石的細縫或孔隙，夜間出外活動。以昆蟲或無脊椎動物為食，每窩卵1-2顆，一年可多次產卵。,,主要在寵物市場流通。
49,爬蟲綱,有鱗目,壁虎科,蜥虎屬,史丹吉氏蝎虎,"身體與尾部皆略呈扁平狀，尾部兩側邊緣有連續的鋸齒狀小突起，前腳腋部到後腳鼠蹊部的身體外側有一條皮膚皺褶，趾下皮瓣為 2列。",夜行性，卵生。,棲息於低海拔開墾環境中的農舍與果園等環境。
50,爬蟲綱,有鱗目,壁虎科,蜥虎屬,蝎虎,小型蜥蜴，體覆細小鱗片，趾下具皮瓣二列，尾部有環形排列之突起，唯自割再生之尾巴會失去此一特徵，易隨環境改變體色與花紋。,夜間活動，常以燈光處捕食昆蟲，鳴叫響亮。,廣泛分布於中南部低海拔地區
51,爬蟲綱,有鱗目,壁虎科,蜥虎屬,無疣蝎虎,身體背部沒有大型的疣鱗，尾部為平滑之圓筒形，沒有齒狀突起，體色極易隨所處環境而改變，從灰白色至暗褐色，乃至豹紋狀之斑點皆有，趾下皮瓣2列。,夜行性，常於燈光下捕食昆蟲，卵生。,棲息於低海拔地區之住宅或建築物內外，以及庭園之樹幹上，以台灣北部較為常見。
52,爬蟲綱,有鱗目,壁虎科,鱗趾虎屬,雅美鱗趾虎,全長小於8公分，軀幹長與尾長相近，體色以褐色為主，深淺易隨環境變化，背脊兩側自頸部至尾部各有一列深色的斑塊，尾基背側有一明顯深色斑。四肢短小，第一趾端不彭大，其餘四趾趾端彭大，具2列皮瓣。鼻孔與吻鱗未相鄰，依此可與鱗趾蝎虎區別。尾部兩側鱗片特化成棘刺狀。雄體具有股孔及肛前孔共約18至20個，且尾基彭大，兩側各有2個明顯肛後突。,夜行性，以昆蟲及無脊椎動物為食。卵生，一次會產2顆卵殼相連的蛋，尾巴極易自割。白天喜躲藏於林投、檳榔或香蕉等樹葉之基部或樹皮縫內。,目前僅於蘭嶼有發現紀錄。
53,爬蟲綱,有鱗目,壁虎科,鱗趾虎屬,鱗趾虎,體全長最大約8公分，軀幹長約全長之一半，體色以褐色為主，或深或淺常隨環境而變，身體兩側常有一深色的縱線過眼延伸至尾基，鼻孔與吻鱗相接，尾巴腹面扁且兩側邊緣鱗片特化成細刺狀，尾巴腹側末端常略帶橘紅色，趾下之皮瓣為雙列。,夜行性為主，孤雌生殖，以昆蟲及其他小型無脊椎動物為食。一次會產兩顆卵殼相連的蛋，尾巴極易自割。白天常喜歡棲息於林投、檳榔或香蕉等寬葉植物之基部、樹皮下或其他縫隙內。,台灣目前僅於北迴歸線以南的南部及東部有記錄，此外離島的蘭嶼及綠島亦有
54,爬蟲綱,有鱗目,巨蜥科,巨蜥屬,澤巨蜥,原分布於斯里蘭卡及印度，經中南半島、中國南方、馬來半島至印尼、菲律賓間。常於水田、河川及紅樹林區出沒。捕食水域及陸域的動物維生，亦食死屍。,,除動物園外，多為走私進口，少數個體遭飼主棄養或逃逸至野外。
55,爬蟲綱,有鱗目,正蜥科,草蜥屬,梭德氏草蜥,軀幹長最長約6公分，尾長最長可達軀幹長4倍，舌明顯分叉，外型具明顯雌雄二型性，雌蜥背側由頭至尾全呈翠綠色，雄蜥則翠綠色與褐色交雜，甚至全身幾近褐色，雌蜥腹部顏色偏白，雄蜥則偏黃，另外幼體尾部帶有紅色，隨著成長後逐漸消失。外耳孔明顯，體背及腹部鱗片皆具稜起，有4對頦片，鼠蹊孔1對。,日行性，白天常活動於草生地或灌叢，以昆蟲及無脊椎動物為食。因尾部具有平衡及纏繞的功能，故不容易自割。卵生，一窩會產4~6顆卵。,分布於台南以南的南部地區、花蓮以南的東部地區及綠島、蘭嶼等低海拔草生地、農墾地或灌叢，此外，南投亦曾有分布紀錄。
56,爬蟲綱,有鱗目,正蜥科,草蜥屬,古氏草蜥,"體細，尾極長，體色多為褐色，部分個體的體側略帶綠色，鼠蹊孔為3 ～ 5 對。","喜棲息於五節芒叢之葉上或樹上，亦曾於離地約4 公尺的柳杉樹枝上發現過。行動極為敏捷迅速，日行性，卵生。",分布於全台之低海拔樹林邊緣。
57,爬蟲綱,有鱗目,正蜥科,草蜥屬,台灣草蜥,"體型細長，動作迅速，與蓬萊草蜥甚為相似，台灣草蜥有2 對鼠蹊孔，蓬萊草蜥則僅有一對。",日行性，卵生。,普遍分布於全台低海拔地區
58,爬蟲綱,有鱗目,正蜥科,草蜥屬,北草蜥,鼠蹊孔一對，頦片三對，腹鱗稜脊明顯，體型粗壯，身體呈一致的淡綠色，體背呈棕黑色。,在中國大陸大多生活在海拔400-1700公尺範圍內，馬祖地區則平地就可發現，以小型無脊椎動物為食，卵生。,分布於中國大陸南方，台灣僅見於馬祖地區北竿、南竿及東莒。
59,爬蟲綱,有鱗目,正蜥科,草蜥屬,蓬萊草蜥,"體型細長，動作迅速，體色由褐色至深褐色皆有，鼠蹊孔為 1 對，腹鱗有 8 列，尾長且易斷。","日行性，卵生，產卵期為 3 - 8 月，雌蜥一年可產卵 2 次。",普遍分布於全台低海拔地區之開墾環境與庭園，常出現於短草生地或小灌叢，極為普遍。
60,爬蟲綱,有鱗目,水蛇科,水蛇屬,唐水蛇,小型蛇類，具有輕微毒性，鼻孔位於吻部頂端，體色為橄欖棕色，腹側各有一條棕紅色縱帶。,主要於黃昏及夜間活動，以蝌蚪及魚類為食，胎生（卵胎生）。,臺灣低海拔地區，以北部較常見。
61,爬蟲綱,有鱗目,水蛇科,水蛇屬,水蛇,小型蛇類，最大全長約72公分，體鱗19列。,胎生，春末至夏季生產。,台灣全島低海拔地區，但己不常見。
62,爬蟲綱,有鱗目,盲蛇科,鉤盲蛇屬,盲蛇,是一種原始的蛇類，體色黝黑，具金屬光澤，體形似蚯蚓，但全身覆滿極細小之鱗片，身體極為堅韌，全長不超過二十公分。,棲息於腐植質較多的土壤中，由於其生存環境是在暗無天日的地下，因此雙眼極為細小且幾乎不具視覺功能，故稱盲蛇，喜食蟻卵與蛹。,台灣中低海拔地區、金門、澎湖、蘭嶼。
63,爬蟲綱,有鱗目,石龍子科,光蜥屬,中國光蜥,體背鱗片具三道弱稜脊，四肢短小，身體呈淡褐色，體側散佈許多白色斑點。,分布在低海拔地區的樹林底層及森林邊緣，以小型無脊椎動物為主食，卵生。,分布於中國大陸南方、香港及越南，台灣僅見於馬祖南竿、北竿及西莒島。
64,爬蟲綱,有鱗目,石龍子科,島蜥屬,岩岸島蜥,為中型石龍子，嘴吻較突出，體色為黑色，夾雜許多欖綠色的細斑，腹面呈淡黃色。,喜棲息於沿海之礁岩地帶，活動迅速，遇危險時會鑽進礁岩的縫隙中。日行性，卵生。,高雄市、屏東、台東、蘭嶼之沿海
65,爬蟲綱,有鱗目,石龍子科,滑蜥屬,台灣滑蜥,小型石龍子，體背為黃褐色或略呈紅褐色，體兩側各有一黑色縱帶自頸延伸至後部，與印度蜓蜥的幼蜥有些相似，但其背部與體側交界之邊緣稜線較明顯，且其尾部較粗。眼瞼中間有一小片透明的橢圓形區域，稱為瞼窗。,日行性，卵生。,侷限分布於部分地區，族群數量不多，棲息於低海拔地區的竹林或干擾較少的果園等開墾環境。
66,爬蟲綱,有鱗目,石龍子科,蜓蜥屬,台灣蜓蜥,中、小型石龍子，無鼻上鱗，尾粗，體背為褐色或紅褐色，體兩側由吻端至尾部有一黑色縱帶，腹面為鵝黃色；幼體之腹面為橙紅色。,日行性，以昆蟲或其它節肢動物為主要食物。,分布於海拔2000公尺以上之山區，棲息於草生地、礫石地及森林邊緣。
67,爬蟲綱,有鱗目,石龍子科,蜓蜥屬,股鱗蜓蜥,軀幹長最大可達8公分左右，尾長可達軀幹長之1.5倍左右，體背部為灰褐色，身體兩側邊由吻部經眼延伸至尾基附近有一深黑色的縱帶，身體腹面為白色，後腿內側近股部即有一大鱗片且排列較不規則的區域，幼體之尾巴末端常帶有紅色。,日行性，卵生，以昆蟲及其他小型無脊椎動物為食，喜於樹林邊緣活動，尾巴極易自割。,在台灣目前僅於南部的高雄縣、屏東縣及東部之台東縣有記錄。
68,爬蟲綱,有鱗目,石龍子科,長尾蜥屬,長尾南蜥,大型蜥蜴，尾巴甚長，背部為橄褐色，眼後至後腿有一黑色縱帶，腹面為黃綠色，體鱗具2-3條稜脊。,日間活動，行動甚為敏捷，常於路旁灌叢與果園活動。,台南、高雄、屏東、台東、蘭嶼、綠島
69,爬蟲綱,有鱗目,石龍子科,長尾蜥屬,多線南蜥,"為大型石龍子，為近年侵入的外來種，成體吻肛長常超過10公分，體色上有雌雄二型的現象(Sexual dimorphism)，雌蜥背部有黑色縱線，體側有黑白相間的斑點；雄蜥體色較均一，唯性成熟後，在前肢後方有黃色或橙色的醒目斑塊，體鱗具有三道明顯稜脊。",喜傍水而居，遇危急時會潛泳避敵，胎生，全年可生殖，族群擴張的速度很快，跡象顯示會排擠、取代原生的物種。,原分布於南亞及東南亞一帶，台南、高雄縣市、屏東。
70,爬蟲綱,有鱗目,石龍子科,長尾蜥屬,庫明氏南蜥,體背為褐色，體側有一過眼黑帶，此黑帶兩側有兩條淺黃色細帶，體背有五條細黑帶。腹部兩側帶有橘紅色。,分布在低海拔地區的樹林底層及森林邊緣，以小型無脊椎動物為主食，卵生。,台灣僅見於蘭嶼地區。
71,爬蟲綱,有鱗目,石龍子科,,麗紋石龍子,中、大型石龍子，幼體時期顏色極為豔麗，尤其是那寶藍色的尾巴，常讓看過的人留下深刻印象；但成熟後，原本亮麗的體色便逐漸褪去，換上一身樸素的淡紅褐色。,日行性，卵生。,"普遍分布於全台中、低海拔地區，喜好生活於灌叢、草生地、 石礫地以及河床地，在 2,000 餘公尺的高山亦可發現。"
72,爬蟲綱,有鱗目,石龍子科,,台灣中國石龍子,為中、大型之石龍子，全身鱗片平滑，身體略呈肥胖。幼蜥之背部有淺色縱紋，尾部為淺藍色；成熟後背部之縱紋與尾部之藍色皆消失，全身背面皆呈褐色，且前半身之體側常有橙紅之生殖色。,喜好棲息於草生地，灌叢及溪流邊之礫石地環境，日行性，卵生。,主要分布於台灣中部以北的低海拔地區。
73,爬蟲綱,有鱗目,蚺科,蟒屬,網紋蟒,原分布於印度的尼可巴群島經緬甸、中南半島、馬來半島，到印尼和菲律賓群島。棲息於熱帶雨林、草原、農耕地、濕地和河流附近。夜型性，以鳥類和哺乳動物為食。卵生。,,主要在寵物市場流通。
74,爬蟲綱,有鱗目,蚺科,蟒屬,球蟒,分布於非洲西起塞內加爾，東到烏干達。棲息於低海拔的熱帶雨林、灌叢、莽原和草原。喜食小型囓齒動物，夜間活動，受到干擾驚嚇時，身體會捲曲成球狀，將頭部藏在裡面，因而得名。卵生。,,主要在寵物市場流通。
75,爬蟲綱,有鱗目,蛇蜥科,脆蛇屬,蛇蜥,是一種沒有四肢的蜥蜴，有外耳孔及可開闔之眼瞼，腹鱗不止1列。,,棲息於中、低海拔的森林底層土壤中，極為少見，習性不詳。
76,爬蟲綱,有鱗目,蛇蜥科,脆蛇屬,台灣蛇蜥,軀幹長最大約20公分，尾長可達軀幹長的2倍，身體背部體色為深褐色或淺褐色，不帶藍色斑塊，腹面顏色較白；缺四肢，背腹交界處有一凹陷的皮摺，兩側皮摺間背鱗數14列。,喜於較潮濕的森林底層之落葉堆或土中活動，鑽地能力很強，喜食地棲性昆蟲及土中的蚯蚓、蠕蟲。尾部易自割，可能為卵生。,全台中低海拔地區，生性隱密且數量相當稀少，很少發現。
77,爬蟲綱,有鱗目,蝙蝠蛇科,帶紋赤蛇屬,羽鳥氏帶紋赤蛇,卵生，頭部具有白色橫帶，俯視身體有兩條紅褐色縱帶從頸部一直延伸到尾部，體側有二十餘個白點分布。,多棲息於山區林木底層、石縫、腐植堆。,台灣北部山區海拔約500～1500公尺。
78,爬蟲綱,有鱗目,蝙蝠蛇科,環蛇屬,雨傘節,毒蛇，全身為黑白相間的環節，對比分明，頭部呈橢圓形，背脊中線鱗片為六角形。,常出現於近水域的各種環境，多於夜間活動，卵生。,臺灣低海拔地區、金門、馬祖。
79,爬蟲綱,有鱗目,蝙蝠蛇科,眼鏡蛇屬,眼鏡蛇,在情緒緊張時，頭頸部會賁張成飯匙狀，頭部呈橢圓形，體色為深褐色或黑色，有些個體具白色環紋。,常出現於較為乾旱的農墾地、果園、雜草與灌叢混生的河岸與山坡地等環境，常在日間活動，以鼠類為主要食物，卵生。,普遍分布於臺灣低海拔地區。
80,爬蟲綱,有鱗目,蝙蝠蛇科,赤蛇屬,帶紋赤蛇,小型蛇類，頭部後方有一白色橫紋，背上有三條縱帶及兩條褐色縱帶，腹部有交錯黑色橫斑。,夜行性，卵生，動作緩慢。,臺灣中低海拔地區。
81,爬蟲綱,有鱗目,蝙蝠蛇科,赤蛇屬,環紋赤蛇,毒蛇，體型細小，且性情溫和，在台灣尚無咬人的正式記錄。頭部有一白色橫帶，身體為黑紅相間，背鱗列數為13列。,喜棲息於較潮濕的闊葉林或大片灌叢中，常於夜間活動，其餘習性不詳。,臺灣部分低海拔山區。
82,爬蟲綱,有鱗目,蝮蛇科,尖吻蝮屬,百步蛇,"中、大型毒蛇，身形粗短，頸細頭大且呈極明顯的三角形，吻端向上翹起，頭部上方為深褐色或紫褐色，體色為淺褐色或紅褐色，兩側排列有明顯的黑褐色三角形斑紋，背鱗列數為 21 列。",日夜均會活動，常盤成一堆，喜於岩壁或岩石上曬太陽，受到侵擾時立即將頭部昂起呈警戒姿態，卵生，以鼠類為主要食物。,分佈臺灣中、低海拔闊葉林，已不易見到。
83,爬蟲綱,有鱗目,蝮蛇科,烙鐵頭蛇屬,阿里山龜殼花,頭部長寬約等距，近似正三角型，眼睛下方有一黑褐色縱帶延伸至頭部後下方，頸細，頭頂顏色為一致的紅褐色，體背為紅褐色，並有一系列不規則形的黑色斑紋，尾端常有白色小斑點，體鱗列數為25~27列。,多於夜間活動，以鼠類為主要食物，卵生，雌蛇有護卵行為。,零星分布於台灣全島中、低海拔山區，大屯山、宜蘭福山、北橫、阿里山、南橫及屏東瑪家有發現紀錄。
84,爬蟲綱,有鱗目,蝮蛇科,竹葉青屬,龜殼花,"中、小型毒蛇，頸細，頭部大且呈明顯的三角型，體背為黃褐色或棕褐色，並有一系列不規則形的黑色斑紋，背鱗列數為 22-27 列均有。",主要於夜間活動，以鼠類為主要食物，卵生。,普遍分布於臺灣中、低海拔地區。
85,爬蟲綱,有鱗目,蝮蛇科,竹葉青屬,赤尾青竹絲,小型毒蛇，又名赤尾鮐，身體為綠色，頭部呈三角形，腹側有一條白色縱線，許多雄性個體於白線下，尚有一條紅色縱線，尾巴呈磚紅色。,常纏繞於灌叢或矮樹枝上休息，或靜待蛙、鼠、鳥類等獵物經過捕食之。主要於夜間活動，卵胎生。,普遍分布於臺灣低、中海拔地區。
86,爬蟲綱,有鱗目,蝮蛇科,竹葉青屬,菊池氏龜殼花,"中、小型毒蛇，體形粗短，體色為褐色或暗褐色，並有黑色之斑塊，眼後有黑帶，背鱗列數為 19 列。",卵胎生，以白天活動為主。,中、高海拔之森林及其邊緣地帶，箭竹草原，碎石堆。
87,爬蟲綱,有鱗目,蝮蛇科,蝰屬,鎖蛇,體型粗短，頭呈三角形，頭部及身體具有許多橢圓形斑紋，如鎖鏈一般。,棲息於開墾地或河川旁礫石地，夜間活動為主，以蛙、蜥蜴、鳥及小型哺乳類為食，胎生。,南部及東部低海拔地區。
88,爬蟲綱,有鱗目,蟒科,蟒屬,緬甸蟒,原分布於南亞及東南亞一帶的雨林，人造林和農場，卵生，主要捕食鳥類及哺乳類。,,主要在寵物市場流通，零星個體疑遭棄養，可於低海拔地區發現。
89,爬蟲綱,有鱗目,變色蜥科,,沙氏變色蜥,"原分佈於古巴和巴哈馬一帶、屬於樹棲型天行性蜥蜴、雌雄兩性全都有橘黃色帶小 ^ 可以斑目標喉垂、體色的由灰棕色變化至近 ^ 顏色。",,"目前 侷限分佈在嘉義縣水面 鄉三界埔地區目標第一應付苗圃。"
90,爬蟲綱,有鱗目,鈍頭蛇科,鈍頭蛇屬,台灣鈍頭蛇,"無毒之中、小型蛇，頭部後方有一Ｗ字形之黑色花紋，身體為橙黃色，並間雜有黑色之小斑點，背鱗列數為 15 列。",主要的食物是蛞蝓類，受侵擾時常擺出攻擊姿態。夜行性，卵生。,棲息於中、低海拔地區之闊葉林與竹林中。
91,爬蟲綱,有鱗目,飛蜥科,龍蜥屬,牧氏攀蜥,"身體底色為綠色或黃綠色，頭部兩側各有一明顯的過眼黑帶，體背則有 4條明顯的黑色橫紋，口內黏膜呈黑灰色，雄性個體具有明顯的喉部黑點。",日行性，卵生。,侷限分布於中央山脈西南側。
92,爬蟲綱,有鱗目,飛蜥科,龍蜥屬,短肢攀蜥,綠色的攀木蜥蜴，口內呈乳白色，雌蜥身體兩側有暗色之斑紋，體色會隨環境及情緒的不同而有明顯的改變。,喜棲息於闊葉林及其邊緣之灌叢地帶，尚稱普遍。日行性，卵生。,主要分布於中海拔山區
93,爬蟲綱,有鱗目,飛蜥科,龍蜥屬,呂氏攀蜥,全長不超過27cm，尾長約佔全長之2/3，本種為現今台產攀帥屬中顏色最鮮艷者，體背部底色以綠色為主，口腔外緣微黃．體腹面及下領部為均一之綠色且不具任何雜斑，背脊高且身體微側尾，尾已中後段為紅褐色:成體頭部有明顯之過眼黑帶，且在外型及體色上均具明顯的雌雄二型性。,"晝行性，喜於森林邊緣活動，以昆蟲及其他小型無脊稚動物為食   日間常會於較空曠的樹幹或地面曬太陽，尾巴不會自割，體色亦常會隨所處環境改變而形成良好之保護色，生殖期以夏天為主，一窩可產4一6顆卵;雄體在其他動物接近時會有明顯的伏地挺身及喉垂擴張之式示威行為",台灣特有種，目前僅於宜蘭南澳及三星一帶的山區有記錄，分佈海拔由1100-1800公尺。
94,爬蟲綱,有鱗目,飛蜥科,龍蜥屬,斯文豪氏攀蜥,頭部粗大，體鱗粗糙，頸背部有突起之脊稜，喉部有橫向排列的白斑，成熟的雄性體側有鮮黃色的縱斑。,常出現在庭園、果園及小片樹林中。雄蜥具領域性，會對入侵的其它雄蜥展現如伏地挺身般的威嚇動作。日行性，卵生。,台灣中低海拔地區。
95,爬蟲綱,有鱗目,飛蜥科,龍蜥屬,黃口攀蜥,頸背部有一縱列的直立脊鱗，口內下頷黏膜呈明顯的黃橙色，體色會隨所處環境不同而有極大的變異。,日行性，卵生，生殖季為39~月。,普遍分布於南投以北的中、低海拔山區闊葉林。
96,爬蟲綱,有鱗目,黃頷蛇科,兩頭蛇屬,鐵線蛇,小型蛇類，全長不超過40公分，頭小頸部不明顯，眼睛小，身體呈紅棕色或棕黑色，在陽光下有金屬光澤，有8-10條隱約可見的細縱紋，尾部很短，尾端驟縮成角質化尖刺狀。,棲息於林木底層的落葉或枯木堆裡，穴居，隱密性高，不易發現。,台灣本島和蘭嶼中低海拔地區的琉球群島都有分布。
97,爬蟲綱,有鱗目,黃頷蛇科,劍蛇屬,黑頭蛇,無毒之小型蛇，顧名思義，其頭部為黑色，頸部有一白色橫線，身體為淡褐色，背鱗列數為17列。,日行性，卵生。,全台皆有分布，常出現於低海拔之短草生地與灌叢地帶。
98,爬蟲綱,有鱗目,黃頷蛇科,吉氏斜鱗蛇屬,史丹吉氏斜鱗蛇,"無毒之中、小型蛇，自眼後至嘴角有一黑色縱帶，體背為棕褐色，並有一系列淺褐色斑紋自頸後排列至身體後部，尾部有淺色縱紋，有些個體的體色與斑紋呈現很大的變異，乍看與花浪蛇類似；背鱗列數為 19 列。",日、夜間均會活動，以兩棲類為主要食物，卵生。,臺灣中高海拔較陰溼之闊葉林或溪流，干擾較少的開墾環境偶而亦可發現。
99,爬蟲綱,有鱗目,黃頷蛇科,小頭蛇屬,赤背松柏根,"無毒之中、小型蛇類，頭部橢圓，吻端較短，頭後方有一深褐色之人字紋，體中央有一條橙紅色之縱紋，自頸部延伸至尾部，背鱗列數為 19 列。",日、夜間均會活動，以鳥或爬蟲動物的卵為主要食物來源，卵生。,棲息於低海拔地區之開墾地、樹林之週邊地帶及灌木叢生的環境。
100,爬蟲綱,有鱗目,黃頷蛇科,小頭蛇屬,赤腹松柏根,小型蛇類，最大全長約80公分，體型短小圓胖，頭小型，頭頸部有3個倒V字型斑紋，第一個斑紋穿過兩眼，身體有一些黑色環帶，腹部中央有一條赤紅色的縱帶，兩側有黑色斑塊交錯排列。,天活動為主，嗜食爬行動物的蛋。,主要發現地點多在台灣北部低海拔山區，南部偶有零星記錄，東部尚未發現
101,爬蟲綱,有鱗目,黃頷蛇科,林蛇屬,大頭蛇,中、小型蛇，具後溝牙，有輕微毒性，但不致危害人體，頭大，且頸部與尾部極為細長，體背以黃褐色為主，間雜或深或淺的黑色斑塊，幼體與成體的體色變異很大，背鱗列數為21列。,攀爬樹枝岩壁之能力極強，多於夜間活動，卵生。,分布於全台灣中、低海拔之丘陵地及山區之次生林與開墾地，尚稱普遍
102,爬蟲綱,有鱗目,黃頷蛇科,漁遊蛇屬,草花蛇,"中、小型蛇，具後溝牙，有輕微毒性，但不致危害人體。眼下及眼後各有1條黑色細紋延伸至上唇及嘴角方向，體色為橄欖褐色，其上並雜有許多不規則的黑色斑紋，背鱗列數為 19 列。",喜食蛙類和魚類，原本是田野間極為常見的蛇類，近年數量明顯減少。日行性，卵生。,棲息於低海拔地區鄰近水域的農墾地與草生地。
103,爬蟲綱,有鱗目,黃頷蛇科,烏梢蛇屬,過山刀,"無毒之大型蛇類，眼睛很大，體色為橄欖色，背部有黃色縱紋，背鱗列數為 14 列。",行動極為快速，爬行時，頭部常會上揚，日行性，卵生。,普遍分布於臺灣中、低海拔之長草生地、灌叢、次生林之邊緣地帶。
104,爬蟲綱,有鱗目,黃頷蛇科,白環蛇屬,白梅花蛇,無毒之小型蛇，因其體色為黑白相間，白梅花蛇的白色環節是黑白相雜的灰白色，且白梅花蛇身體後半部的白色環節並不明顯；背鱗列數為17列。,夜行性，卵生。,棲息於全台低海拔山區的次生林及其邊緣地帶，亦會出現於干擾程度較低的開墾地。
105,爬蟲綱,有鱗目,黃頷蛇科,紫沙蛇屬,茶斑蛇,"型蛇，具後溝牙，有輕微毒性，但不致危害人體。頸部細，頭大且前端呈三角形，頭背部有黑色之條紋，略成Ｙ字形，體背呈黃褐或深褐色，間雜有許多黑色細紋，背鱗列數為 17 列。",日、夜間均會活動，卵胎生。,分布於中、低海拔之山區與丘陵地帶，長草地、灌叢與樹林、竹林等環境。
106,爬蟲綱,有鱗目,黃頷蛇科,翠青蛇屬,青蛇,毒之中、小型蛇，全身為鮮豔的草綠色，腹部為鵝黃色，極為漂亮，背鱗列數為15列。,日行性，卵生。,分布於全台低海拔地區的竹林、果園等開墾環境與次生林中。
107,爬蟲綱,有鱗目,黃頷蛇科,脊蛇屬,標蛇,無毒之中、小型蛇，體色為黃褐色，背部有一條自頭延伸至尾的黑色中線，背鱗列數為25列。,由於數量稀少，生態習性資料仍極為有限。,棲息於中、高海拔山區之闊葉林及混合林。
108,爬蟲綱,有鱗目,黃頷蛇科,脊蛇屬,台灣標蛇,無毒之小型蛇，體色黝黑，在陽光下體表會呈現藍色的金屬光澤，背鱗列數為27列，但常有變異，從24-27列皆有發現。,由於數量稀少，生態習性資料仍極為有限。,"分布於台灣中部1500 -2500公尺間的高山地帶，主要棲息於闊葉林及混合林及其邊緣地帶。"
109,爬蟲綱,有鱗目,黃頷蛇科,腹鏈蛇屬,梭德氏游蛇,無毒之小型蛇，體色呈深褐色，頸部有一白色之Ｖ型花紋，腹鱗兩側有黑色斑點，自頭後向尾部之體側連成一線，背鱗列數為17列。,日行性，卵生。,分布於全台灣中、低海拔之山區，常出現在較潮溼的短草地灌叢、樹林邊緣等環境，尚稱普遍。
110,爬蟲綱,有鱗目,黃頷蛇科,腹鏈蛇屬,花浪蛇,"無毒之小型蛇，俗稱土地公蛇。體色為灰褐色與黃褐色交雜，身體前半部有明顯的黑色橫紋，橫紋兩端各有一白色斑點，體背中央兩側各有 1條黃白色縱紋延伸至尾部，背鱗列數為 19 列。",日行性，以昆蟲、蛙類為食，卵生。,分布於全台低海拔的農墾地與短草生地，以中南部較為普遍。
111,爬蟲綱,有鱗目,黃頷蛇科,腹鏈蛇屬,金絲蛇,無毒之小型蛇類，頭部後方及頸部各有一白色斑點，體側兩邊各有一橘紅色縱帶自頸部延伸至尾部，腹鱗兩側則亦有一條點狀細斑自頸部延伸至尾部。,棲息於山區較潮濕的環境，白天活動為主，以蛙類和蝌蚪為食，卵生。,分布於低海拔山區，北部較為常見，中部溪頭地區亦有發現紀錄。
112,爬蟲綱,有鱗目,黃頷蛇科,華遊蛇屬,赤腹游蛇,中型蛇類，最大全長約106公分。體型圓胖，身體側面隱約可見黑色環紋，有些個體上下領的黑色斑紋甚為明顯，但體型大小和其他花紋如腹面赤紅色很容易分辨。,棲息於水田、沼澤和池塘等濕地環境。傍晚及夜閒活動為主，潛水時間可長達3-4小時以上，以蛙類、泥鰍及魚類為食。胎生，春季交配，夏末至秋季生產。,台灣全島低海拔地區:數量已大幅銳減，只有少數地區仍有較多的個體。
113,爬蟲綱,有鱗目,黃頷蛇科,華遊蛇屬,白腹游蛇,"中型蛇，身體粗短而略呈扁平，體背為灰黑色，間雜有不明顯的黑色橫斑，有些個體的腹部有黑色斑塊；背鱗列數為 19 列。",以河川魚類為主要的食物來源，日、夜間皆會活動，卵生。,中、低海拔地區之河川或水域有分布
114,爬蟲綱,有鱗目,黃頷蛇科,錦蛇屬,灰腹綠錦蛇,中型蛇類，最大全長約150公分。全身翠綠色，和青蛇相似，但吻較尖而眼後至後頸部有一條黑色縱帶"幼體為棕褐色，頭背及頸部有縱紋，隨著成長，縱紋逐漸消失，只剩過眼黑縱帶，當年紀再大，過眼黑縱帶也跟著消失。,棲息於樹林。白天活動為主，以鳥類和鼠類為食。初遇時攻擊性強。夏季產卵，每窩約產卵5枚。,台灣的數量很稀少。
115,爬蟲綱,有鱗目,黃頷蛇科,錦蛇屬,臭青公,"無毒之大型蛇類，身長可達兩公尺以上。由於其泄 殖腔會釋放出惡臭的液體，因此被稱為臭青公或臭 青母。體色為棕色或褐色，幼蛇與成蛇的體色差異 大，背鱗列數為23列。",日、夜間均會活動，卵生。,普遍分布於全台灣中、低海拔地區，棲地型態極為廣泛，在開墾環境與樹林中皆可發現牠的蹤跡，常侵入農家雞舍中吞食雞蛋或雞隻，在一些老舊的房舍中偶而亦可發現。
116,爬蟲綱,有鱗目,黃頷蛇科,錦蛇屬,玉米錦蛇,原分布於北美洲的美國中部和東部。棲息於乾燥林地、灌叢、草地、沼澤和農耕地等環境。屬於夜行性蛇類，以鳥類及小型哺乳類為食。卵生。,,主要在寵物市場流通。
117,爬蟲綱,有鱗目,黃頷蛇科,錦蛇屬,錦蛇,"無毒，大型蛇類，身長可達兩公尺以上。全身佈滿黃色與黑色的漂亮花紋，頭部兩側各有一條明顯的過眼黑帶，背鱗列數為 25 列。",日、夜間均會活動，喜捕食野鼠，卵生。,全台低海拔丘陵與山區的農墾地，到中高海拔的森林皆有分布。
118,爬蟲綱,有鱗目,黃頷蛇科,錦蛇屬,紅竹蛇,"無毒之中、小型蛇，體色紅黑相間，也是一種漂亮的蛇類，其黑色環節的深淺會因不同個體而有所差異，背鱗列數為 19 列。",卵生，捕食鼠類。,棲息於低海拔的開墾地和次生林的邊緣地帶，尚稱普遍。
119,爬蟲綱,有鱗目,黃頷蛇科,錦蛇屬,高砂蛇,無毒之中、小型蛇，吻端較短，頭部呈橢圓形，且有黃黑相間之斑紋，體色為灰色，體背自頸至後部有一列橢圓形或菱形的黑色斑塊，黑色斑塊中央並有黃色圓點，背鱗列數為23列。,以囓齒類或尖鼠科等之小型哺乳動物為食，多於日間活動，卵生。,分布於海拔1000~2500公尺之山區，主要棲息於闊葉林、混合林或樹林邊緣之灌叢地帶，數量不多。
120,爬蟲綱,有鱗目,黃頷蛇科,鏈蛇屬,紅斑蛇,"無毒之中、小型蛇，身體底色為紅褐色，體背並有一系列整齊的黑色斑塊，略呈紅黑相間的模樣，因此有人將之稱為紅雨傘節，並誤以為其有毒，背鱗列數為 17 列。",多於夜間活動，以兩棲類與小型鼠類與食蟲類為食，卵生。,分布於全台灣中、低海拔地區，棲地型態極為廣泛，由平地至海拔兩千餘公尺的樹林、開墾地及近水域之環境皆可發現其蹤跡，也會出現於住宅區。
121,爬蟲綱,有鱗目,黃頷蛇科,頸斑蛇屬,福建頸斑蛇,小型蛇類，最大全長約90公分。頭細小，頸部不明顯，其上有一黑色橫帶，全身呈橄欖灰色，有一些小的黑色雜斑，尾短。,棲息於山區林木底層，每窩可產5-11枚。,新記錄種在陽明山發現。
122,爬蟲綱,有鱗目,黃頷蛇科,頸棱蛇屬,擬龜殼花,"無毒之中、小型蛇，體短而粗，略為扁平，體色為 棕色或棕褐色，體背與體側有大型的菱形或橢圓型 斑塊，其間夾雜較小的不規則形斑紋。頭大且略呈 三角形，有些人會將其誤認為龜殼花或百步蛇，背鱗列數為23列。",受干擾時，頸部會擴張呈扁平狀，狀似毒蛇，可能有擬態的作用，卵胎生。,"分布於全台灣中、低海拔之山區，主要棲息於闊葉林 、混合林以及其邊緣地帶。"
123,爬蟲綱,有鱗目,黃頷蛇科,頸槽蛇屬,台灣赤煉蛇,中、小型蛇，具後溝牙，有輕微毒性，頭部後方有一大型半圓環狀之黃色斑紋，身體為黑色並有黃色與橙紅色之細紋交錯排列，背鱗列數為19列。,日行性，卵生。,"分布於全台1000~2500公尺之中海拔山區，棲息在 原始闊葉林及其邊緣之灌叢地帶，開墾環境亦有發現記錄，族群數量尚稱普遍。"
124,爬蟲綱,有鱗目,黃頷蛇科,頸槽蛇屬,斯文豪氏游蛇,"無毒之小型蛇，頸部有一Ｖ字形之黑色斑紋，體背為褐色或棕褐色，背鱗列數為 15 列。",主要於白天活動，卵生。,臺灣低海拔之闊葉林邊緣地帶。
125,爬蟲綱,有鱗目,黃頷蛇科,鼠蛇屬,細紋南蛇,無毒之中型蛇，體色為深褐色，體背有數條不明顯的黑色縱紋，背鱗列數為15列。,日行性，卵生。,全台皆有分布，棲息於低海拔之開墾地與灌木叢生的環境，數量不多。
126,爬蟲綱,有鱗目,黃頷蛇科,鼠蛇屬,南蛇,"無毒之大型蛇類，體長可達 2 公尺以上。除了腹部之外，通體為深褐色，唇鱗間的交界處有黑色條紋，背鱗列數為 17 列。",行動極為迅速，在遭受嚴重干擾又走投無路時，會做出強烈的反擊行為。日行性，卵生。,分布於中、低海拔之開墾地與次生林，以中、南部較普遍。
127,爬蟲綱,鱷目,鱷科,凱門鱷屬,眼鏡凱門鱷,原分布在巴西、哥倫比亞、祕魯、哥斯大黎加及古巴等地淡水域，以小型動物、魚類及昆蟲為食。,,專業鱷魚養殖戶引進畜養，部分在寵物市場。
128,爬蟲綱,龜鱉目,動胸龜科,動胸龜屬,屋頂龜,原分布於美國南部的河流及沼澤區，屬雜食性。,,主要在寵物市場流通。
129,爬蟲綱,龜鱉目,地龜科,石龜屬,柴棺龜,背甲較其它龜類圓滑，呈黃褐色，頭部兩側自眼至後各有一黃色條紋。,雜食性。,棲息於全台低海拔之池塘、水田等水域環境，也曾有在山坡之農墾地發現的記錄。
130,爬蟲綱,龜鱉目,地龜科,花龜屬,斑龜,背甲為暗褐色，其上有三條明顯的稜脊，頭部兩側有許多黃色的細紋。,為雜食性，以水藻、水生昆蟲為食，體型較大之個體以植物嫩芽為主食。,普遍分布於全台低海拔地區之河川、池塘等水域，是台灣最常見的烏龜。
131,爬蟲綱,龜鱉目,地龜科,革龜屬,金龜,一般背甲呈棕褐色，雄龜達性成熟後背甲轉呈黑色，有3條明顯稜脊，頭部兩側眼後有金黃色蠕蟲狀花紋，成熟雄龜在生殖季時會有刺鼻的臭味，背甲長度最大可達23公分。,為半水棲性種類，主要棲息於水塘或沼澤地附近。雜食性，以植物的莖葉、種子、果實或水生小型魚貝類、蚯蚓及昆蟲等為食。於春末至夏季產卵，每年可產3~4窩，每窩3~9枚卵，孵化期約2.5~3個月。,台灣數量不多，現況不詳，惟金門地區數量尚多。
132,爬蟲綱,龜鱉目,地龜科,,食蛇龜,自眼向耳後有一黃色與黑色的條紋，背甲顏色為深褐色，主要特徵是腹甲為黑色，且中央有一縫隙，因此其背、腹甲的前後緣能閉合起來。,為雜食性，主要以植物的葉、芽、莖為食。,棲息於全台低海拔地區，局部地區的數量仍多，常在果園、菜園或竹林等農墾環境中發現其蹤跡。
133,爬蟲綱,龜鱉目,蛇頸龜科,蛇頸龜屬,馬塔馬龜,原分布於南美洲中、北部的亞馬遜河流域和週邊地區。棲息在具泥質的溪流緩流處或靜止的水塘或沼澤等濕地，以魚類為主食。,,主要在寵物市場流通，極少數個體疑遭棄養於野外。
134,爬蟲綱,龜鱉目,豬鼻龜科,兩爪龜屬,豬鼻龜,原分布於新幾內亞南部和澳洲北部。棲息在森林內具有泥沙底質的沼澤、河流、溪流、湖泊、河口和瀉湖等溼地，只有在繁殖產卵期才會上岸。屬雜食性，主要於夜間活動。,,主要在寵物市場流通。
135,爬蟲綱,龜鱉目,鱉科,鱉屬,鱉,腹甲扁平，腹甲及背甲包覆了一層柔軟皮膚，頸部極長，吻端細長突出，狀似豬鼻子，幼鱉背甲有斑點隨成長逐漸消失。,肉食性，卵生，將卵產於河岸邊長草之沙地或泥地中。,臺灣低海拔地區之河川、池塘潮濕闊葉林緣。
136,爬蟲綱,龜鱉目,龜鱉科,象龜屬,印度星龜,原分布於印度、斯里蘭卡、巴基斯坦。屬陸棲性群居，棲息於草原、灌木叢或農地等較為乾燥的區域。常於晨昏活動，屬植食性。,,主要在寵物市場流通。
,,,,,,,,
,,,,,,,,
